/*
Navicat MySQL Data Transfer

Source Server         : MyCon
Source Server Version : 50717
Source Host           : localhost:3306
Source Database       : vhr

Target Server Type    : MYSQL
Target Server Version : 50717
File Encoding         : 65001

Date: 2018-01-06 17:44:49
*/
CREATE DATABASE `vhr` DEFAULT CHARACTER SET utf8;

USE `vhr`;
SET FOREIGN_KEY_CHECKS=0;

-- ----------------------------
-- Table structure for adjustsalary
-- ----------------------------
DROP TABLE IF EXISTS `adjustsalary`;
CREATE TABLE `adjustsalary` (
  `id` int(11) NOT NULL AUTO_INCREMENT,
  `eid` int(11) DEFAULT NULL,
  `asDate` date DEFAULT NULL COMMENT '调薪日期',
  `beforeSalary` int(11) DEFAULT NULL COMMENT '调前薪资',
  `afterSalary` int(11) DEFAULT NULL COMMENT '调后薪资',
  `reason` varchar(255) DEFAULT NULL COMMENT '调薪原因',
  `remark` varchar(255) DEFAULT NULL COMMENT '备注',
  PRIMARY KEY (`id`),
  KEY `pid` (`eid`),
  CONSTRAINT `adjustsalary_ibfk_1` FOREIGN KEY (`eid`) REFERENCES `employee` (`id`)
) ENGINE=InnoDB DEFAULT CHARSET=utf8;

-- ----------------------------
-- Records of adjustsalary
-- ----------------------------

-- ----------------------------
-- Table structure for appraise
-- ----------------------------
DROP TABLE IF EXISTS `appraise`;
CREATE TABLE `appraise` (
  `id` int(11) NOT NULL AUTO_INCREMENT,
  `eid` int(11) DEFAULT NULL,
  `appDate` date DEFAULT NULL COMMENT '考评日期',
  `appResult` varchar(32) DEFAULT NULL COMMENT '考评结果',
  `appContent` varchar(255) DEFAULT NULL COMMENT '考评内容',
  `remark` varchar(255) DEFAULT NULL COMMENT '备注',
  PRIMARY KEY (`id`),
  KEY `pid` (`eid`),
  CONSTRAINT `appraise_ibfk_1` FOREIGN KEY (`eid`) REFERENCES `employee` (`id`)
) ENGINE=InnoDB DEFAULT CHARSET=utf8;

-- ----------------------------
-- Records of appraise
-- ----------------------------

-- ----------------------------
-- Table structure for department
-- ----------------------------
DROP TABLE IF EXISTS `department`;
CREATE TABLE `department` (
  `id` int(11) NOT NULL AUTO_INCREMENT,
  `name` varchar(32) DEFAULT NULL COMMENT '部门名称',
  PRIMARY KEY (`id`)
) ENGINE=InnoDB DEFAULT CHARSET=utf8;

-- ----------------------------
-- Records of department
-- ----------------------------

-- ----------------------------
-- Table structure for duty
-- ----------------------------
DROP TABLE IF EXISTS `duty`;
CREATE TABLE `duty` (
  `id` int(11) NOT NULL AUTO_INCREMENT,
  `name` varchar(32) DEFAULT NULL COMMENT '职称',
  PRIMARY KEY (`id`)
) ENGINE=InnoDB DEFAULT CHARSET=utf8;

-- ----------------------------
-- Records of duty
-- ----------------------------

-- ----------------------------
-- Table structure for employee
-- ----------------------------
DROP TABLE IF EXISTS `employee`;
CREATE TABLE `employee` (
  `id` int(11) NOT NULL AUTO_INCREMENT COMMENT '员工编号',
  `name` varchar(10) DEFAULT NULL COMMENT '员工姓名',
  `gender` char(4) DEFAULT NULL COMMENT '性别',
  `birthday` date DEFAULT NULL COMMENT '出生日期',
  `idCard` char(18) DEFAULT NULL COMMENT '身份证号',
  `wedlock` char(4) DEFAULT NULL COMMENT '婚姻状况',
  `race` varchar(8) DEFAULT NULL COMMENT '民族',
  `nativePlace` varchar(20) DEFAULT NULL COMMENT '籍贯',
  `politic` varchar(8) DEFAULT NULL COMMENT '政治面貌',
  `email` varchar(20) DEFAULT NULL COMMENT '邮箱',
  `phone` varchar(11) DEFAULT NULL COMMENT '电话号码',
  `address` varchar(64) DEFAULT NULL COMMENT '联系地址',
  `departmentId` int(11) DEFAULT NULL COMMENT '所属部门',
  `jobId` int(11) DEFAULT NULL COMMENT '职位ID',
  `dutyId` int(11) DEFAULT NULL COMMENT '职称ID',
  `engageForm` varchar(8) DEFAULT NULL COMMENT '聘用形式',
  `tiptopDegree` varchar(8) DEFAULT NULL COMMENT '最高学历',
  `specialty` varchar(32) DEFAULT NULL COMMENT '所属专业',
  `school` varchar(32) DEFAULT NULL COMMENT '毕业院校',
  `beginDate` date DEFAULT NULL COMMENT '入职日期',
  `workState` varchar(32) DEFAULT NULL COMMENT '在职状态',
  `workID` int(11) DEFAULT NULL COMMENT '工号',
  `contractTerm` int(11) DEFAULT NULL COMMENT '合同期限',
  `befromDate` date DEFAULT NULL COMMENT '转正日期',
  `notWorkDate` date DEFAULT NULL COMMENT '离职日期',
  `beginContract` date DEFAULT NULL COMMENT '合同起始日期',
  `endContract` date DEFAULT NULL COMMENT '合同终止日期',
  `workAge` int(11) DEFAULT NULL COMMENT '工龄',
  PRIMARY KEY (`id`),
  KEY `departmentId` (`departmentId`),
  KEY `jobId` (`jobId`),
  KEY `dutyId` (`dutyId`),
  CONSTRAINT `employee_ibfk_1` FOREIGN KEY (`departmentId`) REFERENCES `department` (`id`),
  CONSTRAINT `employee_ibfk_2` FOREIGN KEY (`jobId`) REFERENCES `job` (`id`),
  CONSTRAINT `employee_ibfk_3` FOREIGN KEY (`dutyId`) REFERENCES `duty` (`id`)
) ENGINE=InnoDB DEFAULT CHARSET=utf8;

-- ----------------------------
-- Records of employee
-- ----------------------------

-- ----------------------------
-- Table structure for employeeec
-- ----------------------------
DROP TABLE IF EXISTS `employeeec`;
CREATE TABLE `employeeec` (
  `id` int(11) NOT NULL AUTO_INCREMENT,
  `eid` int(11) DEFAULT NULL COMMENT '员工编号',
  `ecDate` date DEFAULT NULL COMMENT '奖罚日期',
  `ecReason` varchar(255) DEFAULT NULL COMMENT '奖罚原因',
  `ecPoint` int(11) DEFAULT NULL COMMENT '奖罚分',
  `ecType` int(11) DEFAULT NULL COMMENT '奖罚类别，0：奖，1：罚',
  `remark` varchar(255) DEFAULT NULL COMMENT '备注',
  PRIMARY KEY (`id`),
  KEY `pid` (`eid`),
  CONSTRAINT `employeeec_ibfk_1` FOREIGN KEY (`eid`) REFERENCES `employee` (`id`)
) ENGINE=InnoDB DEFAULT CHARSET=utf8;

-- ----------------------------
-- Records of employeeec
-- ----------------------------

-- ----------------------------
-- Table structure for employeeremove
-- ----------------------------
DROP TABLE IF EXISTS `employeeremove`;
CREATE TABLE `employeeremove` (
  `id` int(11) NOT NULL AUTO_INCREMENT,
  `eid` int(11) DEFAULT NULL,
  `afterDepId` int(11) DEFAULT NULL COMMENT '调动后部门',
  `afterJobId` int(11) DEFAULT NULL COMMENT '调动后职位',
  `removeDate` date DEFAULT NULL COMMENT '调动日期',
  `reason` varchar(255) DEFAULT NULL COMMENT '调动原因',
  `remark` varchar(255) DEFAULT NULL,
  PRIMARY KEY (`id`),
  KEY `pid` (`eid`),
  CONSTRAINT `employeeremove_ibfk_1` FOREIGN KEY (`eid`) REFERENCES `employee` (`id`)
) ENGINE=InnoDB DEFAULT CHARSET=utf8;

-- ----------------------------
-- Records of employeeremove
-- ----------------------------

-- ----------------------------
-- Table structure for employeetrain
-- ----------------------------
DROP TABLE IF EXISTS `employeetrain`;
CREATE TABLE `employeetrain` (
  `id` int(11) NOT NULL AUTO_INCREMENT,
  `eid` int(11) DEFAULT NULL COMMENT '员工编号',
  `trainDate` date DEFAULT NULL COMMENT '培训日期',
  `trainContent` varchar(255) DEFAULT NULL COMMENT '培训内容',
  `remark` varchar(255) DEFAULT NULL COMMENT '备注',
  PRIMARY KEY (`id`),
  KEY `pid` (`eid`),
  CONSTRAINT `employeetrain_ibfk_1` FOREIGN KEY (`eid`) REFERENCES `employee` (`id`)
) ENGINE=InnoDB DEFAULT CHARSET=utf8;

-- ----------------------------
-- Records of employeetrain
-- ----------------------------

-- ----------------------------
-- Table structure for hr
-- ----------------------------
DROP TABLE IF EXISTS `hr`;
CREATE TABLE `hr` (
  `id` int(11) NOT NULL AUTO_INCREMENT COMMENT 'hrID',
  `name` varchar(32) DEFAULT NULL COMMENT '姓名',
  `phone` char(11) DEFAULT NULL COMMENT '手机号码',
  `telephone` varchar(16) DEFAULT NULL COMMENT '住宅电话',
  `address` varchar(64) DEFAULT NULL COMMENT '联系地址',
  `enabled` tinyint(1) DEFAULT '1',
  `username` varchar(255) DEFAULT NULL COMMENT '用户名',
  `password` varchar(255) DEFAULT NULL COMMENT '密码',
  `userface` varchar(255) DEFAULT NULL,
  `remark` varchar(255) DEFAULT NULL,
  PRIMARY KEY (`id`)
) ENGINE=InnoDB AUTO_INCREMENT=13 DEFAULT CHARSET=utf8;

-- ----------------------------
-- Records of hr
-- ----------------------------
INSERT INTO `hr` VALUES ('3', '系统管理员', '18568887789', '029-82881234', '深圳南山', '1', 'admin', '$2a$10$ySG2lkvjFHY5O0./CPIE1OI8VJsuKYEzOYzqIa7AJR6sEgSzUFOAm', 'http://bpic.588ku.com/element_pic/01/40/00/64573ce2edc0728.jpg', null);
INSERT INTO `hr` VALUES ('5', '李白', '18568123489', '029-82123434', '海口美兰', '1', 'libai', '$2a$10$oE39aG10kB/rFu2vQeCJTu/V/v4n6DRR0f8WyXRiAYvBpmadoOBE.', 'https://timgsa.baidu.com/timg?image&quality=80&size=b9999_10000&sec=1514093920321&di=913e88c23f382933ef430024afd9128a&imgtype=0&src=http%3A%2F%2Fp.3761.com%2Fpic%2F9771429316733.jpg', null);
INSERT INTO `hr` VALUES ('10', '韩愈', '18568123666', '029-82111555', '广州番禺', '1', 'hanyu', '$2a$10$oE39aG10kB/rFu2vQeCJTu/V/v4n6DRR0f8WyXRiAYvBpmadoOBE.', 'https://timgsa.baidu.com/timg?image&quality=80&size=b9999_10000&sec=1514093920321&di=913e88c23f382933ef430024afd9128a&imgtype=0&src=http%3A%2F%2Fp.3761.com%2Fpic%2F9771429316733.jpg', null);
INSERT INTO `hr` VALUES ('11', '柳宗元', '18568123377', '029-82111333', '广州天河', '1', 'liuzongyuan', '$2a$10$oE39aG10kB/rFu2vQeCJTu/V/v4n6DRR0f8WyXRiAYvBpmadoOBE.', 'https://timgsa.baidu.com/timg?image&quality=80&size=b9999_10000&sec=1515233756&di=0856d923a0a37a87fd26604a2c871370&imgtype=jpg&er=1&src=http%3A%2F%2Fwww.qqzhi.com%2Fuploadpic%2F2014-09-27%2F041716704.jpg', null);
INSERT INTO `hr` VALUES ('12', '曾巩', '18568128888', '029-82111222', '广州越秀', '1', 'zenggong', '$2a$10$oE39aG10kB/rFu2vQeCJTu/V/v4n6DRR0f8WyXRiAYvBpmadoOBE.', 'https://timgsa.baidu.com/timg?image&quality=80&size=b9999_10000&sec=1514093920321&di=913e88c23f382933ef430024afd9128a&imgtype=0&src=http%3A%2F%2Fp.3761.com%2Fpic%2F9771429316733.jpg', null);

-- ----------------------------
-- Table structure for hr_role
-- ----------------------------
DROP TABLE IF EXISTS `hr_role`;
CREATE TABLE `hr_role` (
  `id` int(11) NOT NULL AUTO_INCREMENT,
  `hrid` int(11) DEFAULT NULL,
  `rid` int(11) DEFAULT NULL,
  PRIMARY KEY (`id`),
  KEY `rid` (`rid`),
  KEY `hr_role_ibfk_1` (`hrid`),
  CONSTRAINT `hr_role_ibfk_1` FOREIGN KEY (`hrid`) REFERENCES `hr` (`id`) ON DELETE CASCADE,
  CONSTRAINT `hr_role_ibfk_2` FOREIGN KEY (`rid`) REFERENCES `role` (`id`)
) ENGINE=InnoDB AUTO_INCREMENT=48 DEFAULT CHARSET=utf8;

-- ----------------------------
-- Records of hr_role
-- ----------------------------
INSERT INTO `hr_role` VALUES ('1', '3', '6');
INSERT INTO `hr_role` VALUES ('9', '5', '1');
INSERT INTO `hr_role` VALUES ('10', '5', '4');
INSERT INTO `hr_role` VALUES ('35', '12', '4');
INSERT INTO `hr_role` VALUES ('36', '12', '3');
INSERT INTO `hr_role` VALUES ('37', '12', '2');
INSERT INTO `hr_role` VALUES ('43', '11', '3');
INSERT INTO `hr_role` VALUES ('44', '11', '2');
INSERT INTO `hr_role` VALUES ('45', '11', '4');
INSERT INTO `hr_role` VALUES ('46', '11', '5');
INSERT INTO `hr_role` VALUES ('47', '10', '3');

-- ----------------------------
-- Table structure for job
-- ----------------------------
DROP TABLE IF EXISTS `job`;
CREATE TABLE `job` (
  `id` int(11) NOT NULL AUTO_INCREMENT,
  `name` varchar(32) DEFAULT NULL COMMENT '职位名称',
  PRIMARY KEY (`id`)
) ENGINE=InnoDB DEFAULT CHARSET=utf8;

-- ----------------------------
-- Records of job
-- ----------------------------

-- ----------------------------
-- Table structure for menu
-- ----------------------------
DROP TABLE IF EXISTS `menu`;
CREATE TABLE `menu` (
  `id` int(11) NOT NULL AUTO_INCREMENT,
  `url` varchar(64) DEFAULT NULL,
  `path` varchar(64) DEFAULT NULL,
  `component` varchar(64) DEFAULT NULL,
  `name` varchar(64) DEFAULT NULL,
  `iconCls` varchar(64) DEFAULT NULL,
  `keepAlive` tinyint(1) DEFAULT NULL,
  `requireAuth` tinyint(1) DEFAULT NULL,
  `parentId` int(11) DEFAULT NULL,
  PRIMARY KEY (`id`),
  KEY `parentId` (`parentId`),
  CONSTRAINT `menu_ibfk_1` FOREIGN KEY (`parentId`) REFERENCES `menu` (`id`)
) ENGINE=InnoDB AUTO_INCREMENT=29 DEFAULT CHARSET=utf8;

-- ----------------------------
-- Records of menu
-- ----------------------------
INSERT INTO `menu` VALUES ('1', '/', null, null, '所有', null, null, null, null);
INSERT INTO `menu` VALUES ('2', '/', '/home', 'Home', '员工资料', 'fa fa-user-circle-o', null, '1', '1');
INSERT INTO `menu` VALUES ('3', '/', '/home', 'Home', '人事管理', 'fa fa-address-card-o', null, '1', '1');
INSERT INTO `menu` VALUES ('4', '/', '/home', 'Home', '薪资管理', 'fa fa-money', null, '1', '1');
INSERT INTO `menu` VALUES ('5', '/', '/home', 'Home', '统计管理', 'fa fa-bar-chart', null, '1', '1');
INSERT INTO `menu` VALUES ('6', '/', '/home', 'Home', '系统管理', 'fa fa-windows', null, '1', '1');
INSERT INTO `menu` VALUES ('7', '/employee/basic/**', '/emp/basic', 'EmpBasic', '基本资料', null, null, '1', '2');
INSERT INTO `menu` VALUES ('8', '/employee/advanced/**', '/emp/adv', 'EmpAdv', '高级资料', null, null, '1', '2');
INSERT INTO `menu` VALUES ('9', '/personnel/emp/**', '/per/emp', 'PerEmp', '员工资料', null, null, '1', '3');
INSERT INTO `menu` VALUES ('10', '/personnel/ec/**', '/per/ec', 'PerEc', '员工奖惩', null, null, '1', '3');
INSERT INTO `menu` VALUES ('11', '/personnel/train/**', '/per/train', 'PerTrain', '员工培训', null, null, '1', '3');
INSERT INTO `menu` VALUES ('12', '/personnel/salary/**', '/per/salary', 'PerSalary', '员工调薪', null, null, '1', '3');
INSERT INTO `menu` VALUES ('13', '/personnel/remove/**', '/per/mv', 'PerMv', '员工调动', null, null, '1', '3');
INSERT INTO `menu` VALUES ('14', '/salary/sob/**', '/sal/sob', 'SalSob', '工资账套管理', null, null, '1', '4');
INSERT INTO `menu` VALUES ('15', '/salary/sobcfg/**', '/sal/sobcfg', 'SalSobCfg', '员工账套设置', null, null, '1', '4');
INSERT INTO `menu` VALUES ('16', '/salary/table/**', '/sal/table', 'SalTable', '工资表管理', null, null, '1', '4');
INSERT INTO `menu` VALUES ('17', '/salary/month/**', '/sal/month', 'SalMonth', '月末处理', null, null, '1', '4');
INSERT INTO `menu` VALUES ('18', '/salary/search/**', '/sal/search', 'SalSearch', '工资表查询', null, null, '1', '4');
INSERT INTO `menu` VALUES ('19', '/statistics/all/**', '/sta/all', 'StaAll', '综合信息统计', null, null, '1', '5');
INSERT INTO `menu` VALUES ('20', '/statistics/score/**', '/sta/score', 'StaScore', '员工积分统计', null, null, '1', '5');
INSERT INTO `menu` VALUES ('21', '/statistics/personnel/**', '/sta/pers', 'StaPers', '人事信息统计', null, null, '1', '5');
INSERT INTO `menu` VALUES ('22', '/statistics/recored/**', '/sta/record', 'StaRecord', '人事记录统计', null, null, '1', '5');
INSERT INTO `menu` VALUES ('23', '/system/basic/**', '/sys/basic', 'SysBasic', '基础信息设置', null, null, '1', '6');
INSERT INTO `menu` VALUES ('24', '/system/cfg/**', '/sys/cfg', 'SysCfg', '系统管理', null, null, '1', '6');
INSERT INTO `menu` VALUES ('25', '/system/log/**', '/sys/log', 'SysLog', '操作日志管理', null, null, '1', '6');
INSERT INTO `menu` VALUES ('26', '/system/hr/**', '/sys/hr', 'SysHr', '操作员管理', null, null, '1', '6');
INSERT INTO `menu` VALUES ('27', '/system/data/**', '/sys/data', 'SysData', '备份恢复数据库', null, null, '1', '6');
INSERT INTO `menu` VALUES ('28', '/system/init/**', '/sys/init', 'SysInit', '初始化数据库', null, null, '1', '6');

-- ----------------------------
-- Table structure for menu_role
-- ----------------------------
DROP TABLE IF EXISTS `menu_role`;
CREATE TABLE `menu_role` (
  `id` int(11) NOT NULL AUTO_INCREMENT,
  `mid` int(11) DEFAULT NULL,
  `rid` int(11) DEFAULT NULL,
  PRIMARY KEY (`id`),
  KEY `mid` (`mid`),
  KEY `rid` (`rid`),
  CONSTRAINT `menu_role_ibfk_1` FOREIGN KEY (`mid`) REFERENCES `menu` (`id`),
  CONSTRAINT `menu_role_ibfk_2` FOREIGN KEY (`rid`) REFERENCES `role` (`id`)
) ENGINE=InnoDB AUTO_INCREMENT=278 DEFAULT CHARSET=utf8;

-- ----------------------------
-- Records of menu_role
-- ----------------------------
INSERT INTO `menu_role` VALUES ('161', '7', '6');
INSERT INTO `menu_role` VALUES ('162', '8', '6');
INSERT INTO `menu_role` VALUES ('163', '9', '6');
INSERT INTO `menu_role` VALUES ('164', '10', '6');
INSERT INTO `menu_role` VALUES ('165', '11', '6');
INSERT INTO `menu_role` VALUES ('166', '12', '6');
INSERT INTO `menu_role` VALUES ('167', '13', '6');
INSERT INTO `menu_role` VALUES ('168', '14', '6');
INSERT INTO `menu_role` VALUES ('169', '15', '6');
INSERT INTO `menu_role` VALUES ('170', '16', '6');
INSERT INTO `menu_role` VALUES ('171', '17', '6');
INSERT INTO `menu_role` VALUES ('172', '18', '6');
INSERT INTO `menu_role` VALUES ('173', '19', '6');
INSERT INTO `menu_role` VALUES ('174', '20', '6');
INSERT INTO `menu_role` VALUES ('175', '21', '6');
INSERT INTO `menu_role` VALUES ('176', '22', '6');
INSERT INTO `menu_role` VALUES ('177', '23', '6');
INSERT INTO `menu_role` VALUES ('178', '25', '6');
INSERT INTO `menu_role` VALUES ('179', '26', '6');
INSERT INTO `menu_role` VALUES ('180', '27', '6');
INSERT INTO `menu_role` VALUES ('181', '28', '6');
INSERT INTO `menu_role` VALUES ('182', '24', '6');
INSERT INTO `menu_role` VALUES ('247', '7', '4');
INSERT INTO `menu_role` VALUES ('248', '8', '4');
INSERT INTO `menu_role` VALUES ('249', '11', '4');
INSERT INTO `menu_role` VALUES ('250', '7', '2');
INSERT INTO `menu_role` VALUES ('251', '8', '2');
INSERT INTO `menu_role` VALUES ('252', '9', '2');
INSERT INTO `menu_role` VALUES ('253', '10', '2');
INSERT INTO `menu_role` VALUES ('254', '12', '2');
INSERT INTO `menu_role` VALUES ('255', '13', '2');
INSERT INTO `menu_role` VALUES ('256', '7', '1');
INSERT INTO `menu_role` VALUES ('257', '8', '1');
INSERT INTO `menu_role` VALUES ('258', '9', '1');
INSERT INTO `menu_role` VALUES ('259', '10', '1');
INSERT INTO `menu_role` VALUES ('260', '11', '1');
INSERT INTO `menu_role` VALUES ('261', '12', '1');
INSERT INTO `menu_role` VALUES ('262', '13', '1');
INSERT INTO `menu_role` VALUES ('263', '14', '1');
INSERT INTO `menu_role` VALUES ('264', '15', '1');
INSERT INTO `menu_role` VALUES ('265', '16', '1');
INSERT INTO `menu_role` VALUES ('266', '17', '1');
INSERT INTO `menu_role` VALUES ('267', '18', '1');
INSERT INTO `menu_role` VALUES ('268', '19', '1');
INSERT INTO `menu_role` VALUES ('269', '20', '1');
INSERT INTO `menu_role` VALUES ('270', '21', '1');
INSERT INTO `menu_role` VALUES ('271', '22', '1');
INSERT INTO `menu_role` VALUES ('272', '23', '1');
INSERT INTO `menu_role` VALUES ('273', '24', '1');
INSERT INTO `menu_role` VALUES ('274', '25', '1');
INSERT INTO `menu_role` VALUES ('275', '26', '1');
INSERT INTO `menu_role` VALUES ('276', '27', '1');
INSERT INTO `menu_role` VALUES ('277', '28', '1');

-- ----------------------------
-- Table structure for oplog
-- ----------------------------
DROP TABLE IF EXISTS `oplog`;
CREATE TABLE `oplog` (
  `id` int(11) NOT NULL AUTO_INCREMENT,
  `addDate` date DEFAULT NULL COMMENT '添加日期',
  `operate` varchar(255) DEFAULT NULL COMMENT '操作内容',
  `hrid` int(11) DEFAULT NULL COMMENT '操作员ID',
  PRIMARY KEY (`id`),
  KEY `hrid` (`hrid`),
  CONSTRAINT `oplog_ibfk_1` FOREIGN KEY (`hrid`) REFERENCES `hr` (`id`)
) ENGINE=InnoDB DEFAULT CHARSET=utf8;

-- ----------------------------
-- Records of oplog
-- ----------------------------

-- ----------------------------
-- Table structure for role
-- ----------------------------
DROP TABLE IF EXISTS `role`;
CREATE TABLE `role` (
  `id` int(11) NOT NULL AUTO_INCREMENT,
  `name` varchar(64) DEFAULT NULL,
  `nameZh` varchar(64) DEFAULT NULL COMMENT '角色名称',
  PRIMARY KEY (`id`)
) ENGINE=InnoDB AUTO_INCREMENT=14 DEFAULT CHARSET=utf8;

-- ----------------------------
-- Records of role
-- ----------------------------
INSERT INTO `role` VALUES ('1', 'ROLE_manager', '部门经理');
INSERT INTO `role` VALUES ('2', 'ROLE_personnel', '人事专员');
INSERT INTO `role` VALUES ('3', 'ROLE_recruiter', '招聘主管');
INSERT INTO `role` VALUES ('4', 'ROLE_train', '培训主管');
INSERT INTO `role` VALUES ('5', 'ROLE_performance', '薪酬绩效主管');
INSERT INTO `role` VALUES ('6', 'ROLE_admin', '系统管理员');
INSERT INTO `role` VALUES ('13', 'ROLE_test2', '测试角色2');

-- ----------------------------
-- Table structure for salary
-- ----------------------------
DROP TABLE IF EXISTS `salary`;
CREATE TABLE `salary` (
  `id` int(11) NOT NULL AUTO_INCREMENT,
  `eid` int(11) DEFAULT NULL,
  `depId` int(11) DEFAULT NULL,
  `bonus` int(11) DEFAULT NULL COMMENT '奖金',
  `lunchSalary` int(11) DEFAULT NULL COMMENT '午餐补助',
  `trafficSalary` int(11) DEFAULT NULL COMMENT '交通补助',
  `basisSalary` int(11) DEFAULT NULL COMMENT '基本工资',
  `allSalary` int(11) DEFAULT NULL COMMENT '应发工资',
  PRIMARY KEY (`id`),
  KEY `depId` (`depId`),
  KEY `pid` (`eid`),
  CONSTRAINT `salary_ibfk_2` FOREIGN KEY (`depId`) REFERENCES `department` (`id`),
  CONSTRAINT `salary_ibfk_3` FOREIGN KEY (`eid`) REFERENCES `employee` (`id`)
) ENGINE=InnoDB DEFAULT CHARSET=utf8;

-- ----------------------------
-- Records of salary
-- ----------------------------
SET FOREIGN_KEY_CHECKS=1;
